course_id_x,Average_Score
C01,37.233554413764224
C02,37.24934831086197
C03,37.31470511762517
C04,37.25213868382815
C05,37.31312439672847
C06,37.19587188181397
C07,37.219479140507744
C08,37.24864840773484
C09,37.19365636324204
C10,37.21756880564088
C11,37.254410211232646
C12,37.28527957552826
C13,37.21716989133075
C14,37.19622515604405
C15,37.220485002745455
