course_id_x,Avg_Time_Efficiency
C01,96.33805697522507
C02,101.41908573429542
C03,97.15164982823404
C04,97.26374357692941
C05,99.6211063857395
C06,99.81968506575805
C07,97.68254217812455
C08,100.68933015288994
C09,102.6750192092319
C10,98.67526147572461
C11,98.26217848360005
C12,101.32606730778964
C13,100.60512734003677
C14,100.0247922357228
C15,98.27796038455394
